urir,status_code
http://12daysofgiveaways.kickoffpages.com?kid=8CDQX,404
http://14breaks.miiduu.com/box-amp-case-breaks?page=1,404
http://247sports.com/Bolt/Cam-Newton-named-NFL-MVP-43543851,404
http://24ilmagazine.ilsole24ore.com/?p=7135&preview=true,404
http://383Sports.net,404
http://9gag.com/gag/a77w9Nz?ref=t.mw,404
http://AzureLocks.com,404
http://BallSportScience.Blogspot.com/,404
http://Catchfireicons.tumblr.com,404
http://ESPN.com/media/BG48ENgCEAAIDl9.jpg,404
http://EZRunEvents.com,404
http://Ed.gov/discipline,404
http://Ed.gov/schooldiscipline,404
http://Etsy.com/shop/Katzenklaa,404
http://EyeEm.com/p/80801439,404
http://Fanaticosgeek.com,404
http://FlyWorldClass.com,404
http://Frogsy.com/playgp,404
http://Guatemala2016.coffeemissions.com,404
http://Hittingpaydirt.com,404
http://Imthriving2.le-vel.com,404
http://Instagram.com/souhilaofficial,404
http://Instagram.com/souhilaofficielle,404
http://Instagram.com/superbowlonacid,404
http://JabberMate.com,404
http://LEE25.org,404
http://LorrisCharms.com,500
http://MSNBC.com/DemDebate,500
http://Mixlr.com/letstalkaboutsex,500
http://Mysisterskeepercollective.org,500
http://NibsBin.com,500
http://NiceTouch.etsy.com,500
http://Qrad.io/20ikDZR,500
http://QueenBeader.etsy.com,500
http://Radblackout.com,500
http://ReferralEarning.com/?ref=527470,500
http://SnoDolly.com,500
http://SoozThrives.Le-Vel.com,500
http://Specousa.com,500
http://Supportual.com,500
http://TheBigMoves.com/shop,500
http://TicketL.com/BigGame50,500
http://Tweetupbowl.com,500
http://Twitch.tv/DoctorWH0877,500
http://VaNewsLive.com/news/detail.php?fid=471797,500
http://Velfund.org,500
http://Www.Scoutology.com/connecticut-food-truck-fight,500
http://Www.soundcloud.com/blockbeaterz-ent/str8-up,500
http://appadvice.com/ipadwebview/2016/02/the-appadvice-tech-week-in-review-super-bowl-50-is-here,500
http://apple.trendolizer.com/2016/02/sundays-best-deals-huge-zippo-sale-40-fire-tablet-and-more-1.html,500
http://apple.trendolizer.com/2016/02/sundays-best-deals-huge-zippo-sale-40-fire-tablet-and-more-2.html,500
http://apple.trendolizer.com/2016/02/sundays-best-deals-huge-zippo-sale-40-fire-tablet-and-more.html,500
http://archistadia-en.blogspot.it/2016/01/super-bowl-50-levis-stadium-numbers-facts-architecture-details.html,500
http://arubio28814.blogspot.com,500
http://as.com/motormercado/2016/02/05/portada/1454664232_594550.html,500
http://assets.nydailynews.com/polopoly_fs/1.2521148.1454681064!/img/httpImage/image.jpg_gen/derivatives/article_635/508235076.jpg,500
http://athingthatmakesmegohmmmmmm.blogspot.com/2016/02/emerils-superbowl-wings.html,500
http://athlonsports.com/nfl/ranking-every-super-bowl-halftime-show,500
http://athlonsports.com/nfl/top-50-super-bowl-moments-all-time,500
http://australia-au.info/rl/st/?query=http://rover.ebay.com/rover/1/711-53200-19255-0/1?ff3=2&toolid=10039&campid=5337597384&item=301866867714&vectorid=229466&lgeo=1,500
http://avosinspace.com/?mId=67682018.5,500
http://awards.trendolizer.com/2016/02/lady-gaga-only-artist-to-perform-on-oscars-grammys-super-bowl-in-one-year-billboard.html,500
http://awfulannouncing.com/2016/the-things-we-said-about-cam-newton-five-years-ago.html?utm_source=Sailthru&utm_medium=email&utm_campaign=Vox%20Sentences%202/5/16&utm_term=Vox%20Newsletter%20All,500
http://balloon-media.net/superbowl50/,500
http://bandmbakedpodcast.podbean.com/e/ep-353-boycotts-censorship-trump-oh-my/,500
http://bann6312.wix.com/beonpush,500
http://barkpost.com/15-peyton-manning-dogs/,500
http://celebritiesinleather.blogspot.de/2016/02/alessandra-ambrosio-wears-black-leather_7.html,500
http://celebritiesinleather.blogspot.de/2016/02/alyssa-milano-wears-black-leather-pants.html,500
http://celebritiesinleather.blogspot.de/2016/02/annalynne-mccord-wears-black-leather.html,500
http://celebritiesinleather.blogspot.de/2016/02/elle-king-wears-black-leather-jacket.html,500
http://celebritiesinleather.blogspot.de/2016/02/emmanuelle-chriqui-wears-black-leather.html,500
http://celebritiesinleather.blogspot.de/2016/02/kate-gorney-wears-black-leather-dress.html,500
http://celebritiesinleather.blogspot.de/2016/02/pia-wurtzbach-wears-black-leather-dress.html,500
http://cheapogroovo.typepad.com/blog/2015/08/couch-potato-cash.html,500
http://cheforopeza.com.mx/grupos/recetas-para-ver-el-americano,500
http://churchoftruthandspirit.blogspot.com/2016/02/super-bowl-50-commercial-stevecurtis.html?spref=tw,500
http://cincyfanzone.blogspot.com/2016/02/bengal,500
http://cincyfanzone.blogspot.com/2016/02/top-fi,500
http://cincyfanzone.blogspot.com/p/autographs.h,500
http://cinemasummary.blogspot.com/2016/02/the-express.html,500
http://cle.247sports.com/Bolt/Charlie-Sheen-reaches-out-to-Johnny-Manziel-43533414,500
http://cleantechnica.com/2016/02/07/super-bowl-50-environmental-sustainability-champion/,500
http://click.pmipub.com/vm2/f8db868a3f3a60aa/25427/ff0b6a16d3801fde3947229f28c3afba,500
http://cloakinginequity.com/2014/03/24/col,500
http://collections.thehenryford.org/Collection.aspx?objectKey=402841,500
http://colombiatennis.com/serena-protagonista-de-comercial-en-super-bowl/,500
http://commanderholly.tumblr.com/post/131781353047/burrowing-owl-appreciation-post,500
http://community-scene.com/bedford/how-other-half-loves,500
http://conestilo.life/2016/02/07/domingo-de-super-bowl-50-y-tomar-una-rica-cerveza/,500
http://coursediscounts.blogspot.com/2016/02/coupon-udemy-python-for-data-structures_4.html,500
http://cover32.com/2016/02/06/94933/,500
http://dental-emergency.info/rgncy/dntlm/?query=http://rover.ebay.com/rover/1/711-53200-19255-0/1?ff3=2&toolid=10039&campid=5337597384&item=131721936191&vectorid=229466&lgeo=1,500
http://dental-emergency.info/rgncy/dntlm/?query=http://rover.ebay.com/rover/1/711-53200-19255-0/1?ff3=2&toolid=10039&campid=5337597384&item=351648305307&vectorid=229466&lgeo=1,500
http://dental-emergency.info/rgncy/dntlm/?query=http://rover.ebay.com/rover/1/711-53200-19255-0/1?ff3=2&toolid=10039&campid=5337597384&item=351648314749&vectorid=229466&lgeo=1,500
http://dental-specialists.info/clsts/dntlsp/?query=http://rover.ebay.com/rover/1/711-53200-19255-0/1?ff3=2&toolid=10039&campid=5337597384&item=311542820291&vectorid=229466&lgeo=1,500
http://dental-usa.info/ls/dnt/?query=http://rover.ebay.com/rover/1/711-53200-19255-0/1?ff3=2&toolid=10039&campid=5337597384&item=262279533964&vectorid=229466&lgeo=1,500
http://dental-usa.info/ls/dnt/?query=http://rover.ebay.com/rover/1/711-53200-19255-0/1?ff3=2&toolid=10039&campid=5337597384&item=351648351596&vectorid=229466&lgeo=1,500
http://dentist-insurance.info/nsrncn/dntst/?query=http://rover.ebay.com/rover/1/711-53200-19255-0/1?ff3=2&toolid=10039&campid=5337597384&item=311542775222&vectorid=229466&lgeo=1,500
http://dentistry-usa.info/trys/dnts/?query=http://rover.ebay.com/rover/1/711-53200-19255-0/1?ff3=2&toolid=10039&campid=5337597384&item=121887918810&vectorid=229466&lgeo=1,500
http://dentistry-usa.info/trys/dnts/?query=http://rover.ebay.com/rover/1/711-53200-19255-0/1?ff3=2&toolid=10039&campid=5337597384&item=151975921813&vectorid=229466&lgeo=1,500
http://dentistry-usa.info/trys/dnts/?query=http://rover.ebay.com/rover/1/711-53200-19255-0/1?ff3=2&toolid=10039&campid=5337597384&item=311542776179&vectorid=229466&lgeo=1,500
http://dentistry-usa.info/trys/dnts/?query=http://rover.ebay.com/rover/1/711-53200-19255-0/1?ff3=2&toolid=10039&campid=5337597384&item=351648314954&vectorid=229466&lgeo=1,500
http://dentistry-usa.info/trys/dnts/?query=http://rover.ebay.com/rover/1/711-53200-19255-0/1?ff3=2&toolid=10039&campid=5337597384&item=371549147145&vectorid=229466&lgeo=1,500
http://denver.eater.com/2016/2/3/10901266/denver-north-carolina-breweries-superbowl-rivalry,500
http://deseretnews.com/article/765684,500
http://edisonstrunk.com/products/super-skinny-over-kill-zip,500
http://ednewscolorado.net/2016/02/anthonycody-rt-professorjvh-tjamesonbrewer-lets-get-a-live-truth-for-america-podcast-going-from-tfa25-httpst-codlqhv3xl5v/,500
http://ednewscolorado.net/2016/02/anthonycody-rt-professorjvh-tjamesonbrewer-lets-get-a-live-truth-for-america-podcast-going-from-tfa25-httpst-cofnusj81zye/,500
http://ednewscolorado.net/2016/02/anthonycody-rt-professorjvh-tjamesonbrewer-lets-get-a-live-truth-for-america-podcast-going-from-tfa25-httpst-cojjaweyb4gi/,500
http://ednewscolorado.net/2016/02/anthonycody-rt-professorjvh-tjamesonbrewer-lets-get-a-live-truth-for-america-podcast-going-from-tfa25-httpst-cotgygjfiwz1/,500
http://ednewscolorado.net/2016/02/ednews-dianeravitch-rt-garyrubinstein-rag-tag-group-of-critical-alumni-shaking-things-up-at-tfa25-httpst-co35x4chswcp/,500
http://ednewscolorado.net/2016/02/ednews-dianeravitch-rt-garyrubinstein-rag-tag-group-of-critical-alumni-shaking-things-up-at-tfa25-httpst-coe53swypfmz/,500
http://ednewscolorado.net/2016/02/ednews-dianeravitch-rt-garyrubinstein-rag-tag-group-of-critical-alumni-shaking-things-up-at-tfa25-httpst-coe5aaimg863/,500
http://ednewscolorado.net/2016/02/ednews-dianeravitch-rt-garyrubinstein-rag-tag-group-of-critical-alumni-shaking-things-up-at-tfa25-httpst-coh2erjrz6iv/,500
http://ednewscolorado.net/2016/02/ednews-dianeravitch-rt-garyrubinstein-rag-tag-group-of-critical-alumni-shaking-things-up-at-tfa25-httpst-cokp4vjqkeyl/,500
http://ednewscolorado.net/2016/02/ednews-dianeravitch-rt-garyrubinstein-rag-tag-group-of-critical-alumni-shaking-things-up-at-tfa25-httpst-cooytbpkn80k/,500
http://ednewscolorado.net/2016/02/ednews-dianeravitch-rt-garyrubinstein-rag-tag-group-of-critical-alumni-shaking-things-up-at-tfa25-tfa25factc-httpst-co2qcbvhscxy/,500
http://ednewscolorado.net/2016/02/ednews-dianeravitch-rt-garyrubinstein-rag-tag-group-of-critical-alumni-shaking-things-up-at-tfa25-tfa25factc-httpst-col78jln77u2/,500
http://ednewscolorado.net/2016/02/ednews-dianeravitch-rt-garyrubinstein-rag-tag-group-of-critical-alumni-shaking-things-up-at-tfa25-tfa25factc-httpst-cotuuajx7ocd/,500
http://ednewscolorado.net/2016/02/ednews-dianeravitch-time-to-tfa25factcheck-find-out-the-real-truth-about-tfa25-httpift-tt1nvixo8-httpst-cobozoys5fse/,500
http://ednewscolorado.net/2016/02/ednews-dianeravitch-time-to-tfa25factcheck-find-out-the-real-truth-about-tfa25-httpift-tt1tldyxz-httpst-consbybono2k/,500
http://ednewscolorado.net/2016/02/ednews-dianeravitch-time-to-tfa25factcheck-find-out-the-real-truth-about-tfa25-httpift-tt20hjgex-httpst-copcgr1vtctj/,500
http://ednewscolorado.net/2016/02/ednews-dianeravitch-time-to-tfa25factcheck-find-out-the-real-truth-about-tfa25-httpst-conovin8sftj-httpst-cozxoxjggklw/,500
http://ednewscolorado.net/2016/02/ednews-dianeravitch-time-to-tfa25factcheck-find-out-the-real-truth-about-tfa25-httpst-conovin8sftj/,500
http://educationpost.org/video-wendy-kopp-on-25-years-of-teach-for-america-and-looking-towards-the-future/,500
http://educationpost.org/video-wendy-kopp-on-25-years-of-teach-for-america-and-looking-towards-the-future/?utm_source=Twitter&utm_medium=social&utm_campaign=Betcon&utm_content=TwBetconTFA25Ka3,500
http://edusavecoupon.blogspot.com/2016/02/udemy-ccna-study-guide-demo-free.html,500
http://edusavecoupon.blogspot.com/2016/02/udemy-understand-router-commands-in-1.html,500
http://m.bedford.wickedlocal.com/news/20160206/bedford-carlisle-police-arrest-carjacking-suspect,500
http://m.dailykos.com/story/2016/02/04/1479904/-Clinton-Last-Night:-Name-Anything-[Wall-Street-Has]-Influenced-Me-OnOK,-I-Will,500
http://phillyinnovates.com/2013/05/02/what-great-coaches-know/,500
http://photography.nationalgeographic.com/photography/photo-of-the-day/carolina-screech-owl/?utm_source=Twitter&utm_medium=Social&utm_content=link_tw20160207photo-pod&utm_campaign=Content&sf20351307=1#superbowl,500
http://thegww.com/top-five-football-movies-to-watch-before-the-big-game-on-sunday/,500
http://thema.sh/BeerSuperBowl,500
http://themartinidiva.blogspot.com/2015/01/super-bowl-sunday-cocktails-food.html,500
http://thenextstep1234.com,500
http://theperfectportion.com/2016/02/buffalo-wings/,500
http://theplayerslocker.com/shaquil-barrett/shaquil-barrett-shaq-attack-t-shirt,500
http://thereadoptional.com/category/super-bowl/,500
http://thesportsunderground.podomatic.com/entry/2016-02-05T13_36_18-08_00,500
http://wonderlandrecipes.com/2015/09/17/shrubbery-salad/,500
http://www.adweek.com/tvnewser/sporting-a-new-logo-ahead-of-the-big-game/283748,500
http://www.artifyfairtrademarket.com/blogs/news/85363908-superbowl-party-shots-panthers-versus-broncos,500
http://www.artifyfairtrademarket.com/blogs/news/85389252-super-bowl-nacho-bar,500
http://www.artinmovimento.com/super-bowl-babies/,500
http://www.bbc.co.uk/bbcthree/item/034fef34-a2bf-468c-bd8a-07ec976af678,500
http://www.bbc.co.uk/newsround/31082306,500
http://www.birdlife.org/datazone/species/factsheet/22688694,500
http://www.birdlife.org/datazone/species/factsheet/22689490,500
http://www.birdlife.org/datazone/species/factsheet/22728447,500
http://www.birdlife.org/datazone/species/factsheet/61915272,500
http://www.forbes.com/sites/bernardmarr/2016/02/03/how-the-super-bowl-uses-big-data-to-change-the-game/2/#48e63a8669fb,500
http://www.forbes.com/sites/ericmack/2016/02/07/super-bowl-50-shuts-down-all-drone-traffic-in-silicon-valley/#7d94d8c31d3c,500
http://www.forbes.com/sites/robsalkowitz/2016/02/07/the-super-bowl-ad-war-has-already-begun-heres-whos-winning/#4688892a7102,500
http://www.forbes.com/sites/tomward/2016/02/05/how-to-market-yourself-like-the-super-bowl/#32a8136f571a,500
http://www.fox7austin.com/unusual/85416118-story,500
http://www.foxsports.com/nascar/shake-and-bake/super-bowl-50-dale-earnhardt-jr-michael-waltrip-carolina-panthers-denver-broncos-psyched-020716?cmpid=feed:-sports-CQ-RSS-Feed,500
http://www.foxsports.com/nba/story/kobe-bryant-los-angeles-lakers-new-orleans-pelicans-ryan-anderson-dunk-020516,500
http://www.foxsports.com/nfl/story/cam-newton-carolina-panthers-gold-cleats-super-bowl-50-020616?cmpid=feed:-sports-CQ-RSS-Feed,500
http://www.foxsports.com/nfl/story/super-bowl-50-denver-broncos-fan-did-not-tell-wife-about-tickets-020616,500
http://www.foxsports.com/nfl/story/super-bowl-s-broncos-panthers-excel-at-defense-differently-020716?cmpid=feed:-sports-CQ-RSS-Feed,500
http://www.huffingtonpost.ca/julie-blais-comeau/super-bowl-etiquette_b_9168846.htmln,500
http://www.huffingtonpost.com/entry/puppy-bowl-better-than-super-bowl_us_56b11f46e4b04f9b57d7a55c?ncid=tweetlnkushpmg00000050,500
http://www.huffingtonpost.com/entry/san-francisco-homeless-protests-super-bowl-50_us_56b625c6e4b01d80b2468235?ir=Politics%3Fncid%3Dnewsltushpmg00000003,500
http://www.huffingtonpost.com/entry/super-bowl-homeless-san-francisco_us_56b29454e4b01d80b2451c95?ir=Good+News&,500
http://www.huffingtonpost.fr/2016/02/07/super-bowl-2016-videos-publicites_n_9087706.html?utm_hp_ref=france,500
http://www.hypnoweb.net/news.2.1/programme-tv-us-4867.html,500
http://www.iamrunningthis.com/super-bowl-sunday-recipe-round-up/,500
http://www.ibtimes.com/puppy-bowl-2016-live-stream-where-watch-online-tv-during-super-bowl-50-2296715,500
http://www.ibtimes.com/vegetarian-recipes-super-bowl-50-easy-appetizers-your-game-day-party-2296329,500
http://www.ibtimes.com/walking-dead-zombie-bowl-2016-full-schedule-amc-marathon-feb-7-2297265,500
http://www.idahostatesman.com/sports/article58949433.html,500
http://www.ihsa.org/IHSAState/IHSAStateArticles/tabid/768/articleType/ArticleView/articleId/867/NFL-Wilson-Sporting-Goods-Honor-Super-Bowl-Alums-From-Illinois-High-Schools.aspx,500
http://www.ijreview.com/2016/02/530459-you-watch-it-every-week-but-theres-a-major-recipient-of-welfare-right-under-your-nose/?utm_source=Twitter&utm_medium=Social&utm_content=floating-sidebar&utm_campaign=Sharing,500
http://www.ilovemanchester.com/2016/02/04/places-to-watch-football-and-other-big-sports-events-in-manchester-city-centre.aspx,500
http://www.imdb.com/board/bd0000055/thread/253469729,500
http://www.nfl.com/videos/carolina-panthers/0ap3000000633548/Cam-Newton-thanks-the-haters-after-winning-MVP-OPOY,500
http://www.nfluk.com/news/specialfeatures/article-1/How-did-you-become-an-NFL-Fan-Olly-Murs/e5baea29-0dd0-49ad-b1a1-9d3dc1944a2a,500
http://www.nfluk.com/news/specialfeatures/article-1/Jack-Savoretti-NFL-QA/8150b439-9d64-40f2-b1a6-5071b787f512,500
http://www.nolegameday.com/2016/02/07/staff-predictions-super-bowl-50/,500
http://www.nomeme.com.mx/2016/02/07/exercise/,500
http://www.nytimes.com/2016/01/29/us/politics/bernie-sanders-is-democrats-top-beneficiary-of-outside-spending-like-it-or-not.html?_r=3,500
http://www.nytimes.com/2016/02/07/magazine/roger-goodells-unstoppable-football-machine.html?contentCollection=weekendreads&action=click&pgtype=Homepage&clickSource=story-heading&module=c-column-middle-span-region&region=c-column-middle-span-region&WT.nav=c-column-middle-span-region,500
http://www.nytimes.com/2016/02/07/opinion/football-so-beautiful-for-fans-scars-players-with-dementia.html?smprod=nytcore-iphone&smid=nytcore-iphone-share,500
http://www.nytimes.com/2016/02/07/world/asia/north-korea-moves-up-rocket-launching-plan.html?hp&action=click&pgtype=Homepage&clickSource=story-heading&module=first-column-region&region=top-news&WT.nav=top-news,500
http://www.nytimes.com/2016/02/07/world/asia/north-korea-moves-up-rocket-launching-plan.html?hp&action=click&pgtype=Homepage&clickSource=story-heading&module=first-column-region&region=top-news&WT.nav=top-news&_r=0,500
http://www.nytimes.com/aponline/2016/02/05/sports/basketball/ap-bkn-lakers-pelicans.html?partner=IFTTT,500
http://www.nytimes.com/interactive/2016/02/06/sports/football/Super-Bowl-Fifty.html?_r=0,500
http://www.nytimes.com/interactive/2016/02/06/sports/football/Super-Bowl-Fifty.html?smid=tw-nytimes&smtyp=cur,500
http://www.nytimes.com/video/sports/football/100000004187147/comments-on-ken-stabler.html?playlistId=1194811622182&region=video-grid&version=video-grid-thumbnail&contentCollection=Times+Video&contentPlacement=9&module=recent-videos&action=click&pgType=Multimedia&eventName=video-grid-click,500
http://www.newstimes.com/entertainment/article/Key-Peele-will-comment-live-during-Super-Bowl-6799022.php,500
http://www.newstimes.com/sports/superbowl/slideshow/Biggest-Super-Bowl-goats-and-heroes-101687.php,500
http://www.politicalpeopleblog.com/poll-who-is-winning-the-msnbc-democratic-debate/,500
http://www.skillandbet.com/pronostici-super-bowl-50-carolina-panthers-v-denver-broncos-7-2-2016.html,500
http://www.slate.com/articles/health_and_science/science/2015/12/wild_feral_horses_are_bad_for_the_environment_in_the_west.html?wpsrc=sh_all_dt_tw_top,500
http://www.slate.com/articles/news_and_politics/politics/2016/02/bernie_sanders_won_the_msnbc_debate_narrowly.html?wpsrc=sh_all_dt_tw_top,500
http://www.slate.com/articles/news_and_politics/politics/2016/02/bernie_sanders_won_the_msnbc_debate_narrowly.html?wpsrc=sh_all_mob_tw_top,500
http://www.slate.com/articles/news_and_politics/politics/2016/02/bernie_sanders_won_the_msnbc_debate_narrowly.html?wpsrc=sh_all_tab_tw_top,500
http://www.slate.com/articles/news_and_politics/politics/2016/02/democratic_presidential_debate_who_won_vote_in_our_poll.html?wpsrc=sh_all_dt_tw_top,500
http://www.slate.com/articles/news_and_politics/politics/2016/02/democratic_presidential_debate_who_won_vote_in_our_poll.html?wpsrc=sh_all_mob_tw_top,500
http://www.slate.com/articles/news_and_politics/politics/2016/02/democratic_presidential_debate_who_won_vote_in_our_poll.html?wpsrc=sh_all_tab_tw_ru,500
http://www.slate.com/blogs/behold/2016/02/07/life_magazine_photographers_cover_the_first_super_bowl.html?wpsrc=sh_all_tab_tw_top,500
http://www.slate.com/blogs/browbeat/2016/02/06/watch_formation_beyonc_s_new_blacklivesmatter_inspired_music_video.html?wpsrc=sh_all_dt_tw_top,500
http://www.slate.com/blogs/outward/2015/10/05/bernie_sanders_on_marriage_equality_he_s_no_longtime_champion.html?wpsrc=sh_all_mob_tw_bot,500
http://www.slate.com/blogs/the_slatest/2016/02/04/bernie_sanders_and_hillary_clinton_s_msnbc_debate_lines.html?wpsrc=sh_all_tab_tw_ru,500
http://www.sltrib.com/sports/3503569-155/kragthorpe-defense-will-decide-super-bowl,500
http://www.slyhkitchen.com/2016/02/07/buffalo-chicken-bites/,500
http://www.tailgatemaster.com/super-food-ideas-for-sunday/,500
http://www.telemundo51.com/inicio/destacados/San-Francisco-se-blinda-por-el-Super-Bowl-50-partido-nfl-medidas-seguridad-broncos-panthers-367964651.html,500
http://www.thebedfordcitizen.org/2016/02/06/bedford-carlisle-police-arrest-carjacking-suspect-after-quick-response-from-dispatchers-officers-on-the-road/,500
http://www.thebedfordcitizen.org/2016/02/06/bedford-student-at-lexington-montessori-school-is-recognized-in-the-massachusetts-regional-scholastic-art-writing-awards/,500
http://www.thebig98.com/onair/amy-paige-44686/he-beat-cancer-he-can-more-14355290/,500
http://www.theblackfringebrewery.com,500
http://www.thechemicalfreeme.com,500
http://www.thedailyclutch.com/style/youll-love-these-nfl-inspired-wardrobe-styles/,500
http://www.thedailymeal.com/travel/where-celebrate-super-bowl-american-style-around-world?advD=1401,22800,500
http://www.thedenverchannel.com/sports/super-bowl/7-questions-for-denver-broncos-former-quarterback-now-gm-john-elway-on-super-bowl,500
http://www.thedenverchannel.com/sports/super-bowl/super-bowl-jets-wide-receiver-brandon-marshall-says-broncos-need-5-ps-to-beat-panthers,500
http://www.thedp.com/blog/dpolitics/2016/02/bush-in-bedford-trump-needs-therapy,500
http://www.thefederalistpapers.org/us/obama-forced-a-bank-to-pay-racial-justice-settlement-with-no-proof-at-all,500
http://www.thefiscaltimes.com/2016/01/28/Why-Are-So-Many-Democrats-Watching-Republican-Debates,502
http://www.thegatewaypundit.com/2008/03/madeleine-albright-500000-dead-iraqi-children-was-worth-it/,500
http://www.theherojournal.com/12-irresistible-superbowl-snacks/,500
http://www.theherojournal.com/?p=2505,500
http://www.theherojournal.com/best-super-bowl-halftime-shows/,500
http://www.themidlifefashionista.com/2016/02/what-to-wear-to-superbowl-party.html,500
http://www.theonion.com/r/52138,500
http://www.thepeoplesview.net/main/2016/1/18/bernies-new-health-care-plan-is-mathematically-challenged-flat-tax-gamble,500
http://www.thephillygodfather.com/super-bowl-zoo-pass,500
http://www.utsandiego.com/news/2016/feb/05/super-bowl-advertising-50-things-watch/,500
http://www.vavel.com/it/footballamericano/602426-nfl-super-bowl-preview.html,500
http://www.vegasinsider.com/horse-racing/story.cfm/story/1746813,500
http://www.washingtonmonthly.com/republic3-0/2015/12/which_presidential_candidate_b058844.php,500
http://www.washingtontimes.com/news/2016/feb/4/hillary-clinton-reluctant-release-goldman-sachs-sp/?utm_source=RSS_Feed&utm_medium=RSS,500
http://www.watchsuperbowllive.tk/watch-cbs-sports-superbowl-live-stream-2016/,500
http://www.wcpo.com/news/national/ea-sports-madden-nfl-16-predicts-panthers-will-narrowly-win-super-bowl-50-over-broncos,500
http://www.weaselzippers.us/255295-debbie-wasserman-schultzs-completely-un-self-aware-tweet/,500
http://www.welcomehome-batesmotel.com/s/a3mbmP,500
http://www.wfsb.com/clip/12196321/big-game-sliders-made-by-nicole-nalepa,500
http://www.wgar.com/onair/michael-j-31852/acts-of-kindness-when-men-pay-14341729/,500
http://www.wgrz.com/sports/nfl/superbowl/watch-all-the-super-bowl-50-ads-that-are-online-already/32371436,500
http://www.whatshaking.com/uncategorized/resurgent-kobe-bryant-leads-lakers-past-pelicans-99-96/,502
http://www.wherela.com/blog/2016/01/25/guide-where-to-watch-the-super-bowl-in-orange-county/,500
http://www.wherela.com/blog/2016/02/03/where-to-watch-the-super-bowl-in-los-angeles-3/,500
http://www.widewaterviews.com/Web/AR439294/FeaturedListings/details/5097432?listing_id=16618085,500
http://www.widewaterviews.com/Web/AR439294/FeaturedListings/details/5097432?listing_id=7184025,500
http://www.widewaterviews.com/Web/AR439294/ListingSearch/details/?mls_id=FL-RAMC&mls_no=386229&display_page=1&index=11&lpp=20&total_listings=15&from=results,500
https://en.m.wikipedia.org/wiki/File:Tyto_alba_-British_Wildlife_Centre,_Surrey,_England-8a_(1).jpg,500
https://www.washingtonpost.com/express/wp/2016/02/04/if-the-panthers-win-they-should-be-considered-one-of-the-best-teams-ever/,500
https://www.washingtonpost.com/express/wp/2016/02/04/super-bowl-50-fact-or-fiction-quiz-4/,500
https://www.washingtonpost.com/local/education/a-quarter-of-dc-students-on-track-for-college-new-parcc-test-results-show/2015/11/30/ef975362-971c-11e5-94f0-9eeaff906ef3_story.html,500
https://www.washingtonpost.com/local/education/hes-the-stinkweed-at-teach-for-americas-25th-anniversary-gala/2016/02/05/823f6df8-cc1f-11e5-ae11-57b6aeab993f_story.html?postshare=8891454709690519&tid=ss_tw-bottom,500
https://www.washingtonpost.com/local/education/teach-for-america-celebrates-25th-anniversary-at-washington-event/2016/02/06/695d4094-cd0a-11e5-88ff-e2d1b4289c2f_story.html,500
https://www.washingtonpost.com/news/business/wp/2016/02/03/a-year-after-the-somber-bowl-the-super-bowl-ads-go-happy-again/,500
https://www.washingtonpost.com/news/checkpoint/wp/2016/02/06/this-futuristic-fighter-jet-will-likely-be-unveiled-to-america-during-the-super-bowl/,500
https://www.washingtonpost.com/news/post-politics-live/liveblog/democratic-debate-live-blog-sanders-and-clinton-go-head-to-head/,500
https://www.washingtonpost.com/news/post-politics-live/liveblog/democratic-debate-live-blog-sanders-and-clinton-go-head-to-head/#31c9f35c-9cf0-4f32-918a-63befe43476b,500
https://www.washingtonpost.com/news/post-politics-live/liveblog/democratic-debate-live-blog-sanders-and-clinton-go-head-to-head/?tid=ss_tw#12faa38b-abf5-460d-8320-f1a0320e9af2,500
https://www.washingtonpost.com/news/post-politics-live/liveblog/democratic-debate-live-blog-sanders-and-clinton-go-head-to-head/?tid=ss_tw#1412e6b9-15e2-4d51-a3ca-cc38ba188491,500
https://www.washingtonpost.com/news/post-politics-live/liveblog/democratic-debate-live-blog-sanders-and-clinton-go-head-to-head/?tid=ss_tw#a94bd701-8fca-4192-a014-ab2b18f05421,500
https://www.washingtonpost.com/news/the-fix/wp/2016/02/04/bernie-sanders-won-the-debates-google-fight-in-more-ways-than-one/,500
https://www.washingtonpost.com/news/the-fix/wp/2016/02/04/bernie-sanders-won-the-debates-google-fight-in-more-ways-than-one/?postshare=5471454648931053&tid=ss_tw-bottom,500
https://www.washingtonpost.com/news/the-fix/wp/2016/02/04/bernie-sanders-won-the-debates-google-fight-in-more-ways-than-one/?postshare=6271454648877244&tid=ss_tw,500
https://www.washingtonpost.com/news/the-fix/wp/2016/02/04/bernie-sanders-won-the-debates-google-fight-in-more-ways-than-one/?postshare=7951454647411281&tid=ss_tw,500
https://www.washingtonpost.com/news/the-fix/wp/2016/02/04/sanders-clinton-debate-transcript-annotating-what-they-say/,500
https://www.washingtonpost.com/news/the-fix/wp/2016/02/04/winners-and-losers-from-the-5th-democratic-presidential-debate/?postshare=6451454647071638&tid=ss_tw,500
https://www.washingtonpost.com/news/worldviews/wp/2016/02/05/these-global-sporting-events-totally-dwarf-the-super-bowl/,500
https://www.washingtonpost.com/opinions/super-bowl-sunday-the-day-america-celebrates-football--and-brain-damage/2016/02/05/4afc537c-cb81-11e5-88ff-e2d1b4289c2f_story.html?wpisrc=nl_rainbow,500
https://www.washingtonpost.com/video/world/here-are-three-sporting-events-bigger-than-the-super-bowl/2016/02/05/11b1a2be-cc23-11e5-b9ab-26591104bb19_video.html,500
https://www.yahoo.com/digest/20160207-P0800/beyonc-released-surprise-new-single-just-time-super-bowl-00774035,500
https://www.yahoo.com/food/most-memorable-food-super-bowl-155546193.html?soc_src=social-sh&soc_trk=tw,500
https://www.yahoo.com/music/the-5-best-super-bowl-halftime-performers-ever-109524917111.html?soc_src=social-sh&soc_trk=tw,500
https://www.yahoo.com/politics/hillarys-financial-armada-233033648.html?soc_src=social-sh&soc_trk=tw,500
https://www.researchgate.net/publication/260948576_Mercury_concentrations_in_breast_feathers_of_three_upper_trophic_level_marine_predators_from_the_western_Aleutian_Islands_Alaska?ev=srch_pub&_sg=Td7e9JM3ylB46-q2H5RwfduwaIorOREhkijXYZgTNp7BxoTr06BPPhmJ9dj1C0hF.Ye1z4nAvy6irAtgpr1jhKkN-RaUJrGwLgXXdGcbHS1W3FAzijSMr31RHXomdpf84.VnszLC5TTTm_FW1um4CC5ESu0SpHU7_F8XQz57Ym-gAi72wmwltiBV_1aPuyetKf,500
https://www.reverbnation.com/DaMaddScience/song/25276133-move-deep-house-remix-ft-jack-short,500
https://www.reverbnation.com/UNCstizz/song/25198679-peyton-manning?0,500
https://www.reverbnation.com/artist/downloads/319602,500
https://www.reverbnation.com/cahnate/song/25230821-chicken-rubber-bands-remix,500
https://www.reverbnation.com/cahnate/song/25238736-check-n-cah-remix-prod-by-edsclu,500
https://www.reverbnation.com/christophcokane/song/17088842-i-am?0,500
https://www.reverbnation.com/christophcokane/song/20244258-strippa-holic?0,500
https://www.reverbnation.com/escottfrazier/song/15766094-moving-forward?0,500
https://www.reverbnation.com/realscarrbelly/song/25192125-why-me,500
https://www.reverbnation.com/shadowsofthevalley7/song/25015537-proposition?0,500
https://www.reverbnation.com/sixxpho/song/25253926-evolution,500
https://www.reverbnation.com/theculpritmanifest?0,500
https://www.spreaker.com/episode/7718236,500
https://www.spreaker.com/user/4561828/for-artists?autoplay=1,500
https://www.spreaker.com/user/7984356/pmnm-hoops-hops-the-sb50-edition,500
https://www.spreaker.com/user/bs3sports/bs3-sports-show-2-6-16,500
https://www.spreaker.com/user/dtongsports/nfl-football-nba-college-hoops-independe?autoplay=1,500
https://www.spreaker.com/user/infinitysportsnetwork/2-7-16-the-island-of-sports-information?autoplay=1,500
https://www.spreaker.com/user/soulmeetsthestreetzradio/sound-changers-special-super-bowl-sunday?autoplay=1,500
https://www.spreaker.com/user/the-stafford-voice/cant-we-all-just-get-along,500
https://www.astromojo.com/daily-stars.html,500
https://www.athletenetwork.com/mobile/fuel/would-a-broken-arm-stop-you,500
https://www.betitbest.com/de/news/nfl-newton-zum-wertvollsten-spielerder-saison-gewaehlt-1891263,500
https://www.betitbest.com/de/news/peyton-manning-und-sein-letzter-ritt-1887837,500
https://www.billboard.com.ar/articulo/827/coldplay-se-prepara-para-el-super-bowl,500
http://www.polsatnews.pl/wiadomosc/2016-02-06/super-bowl-gortat-kibicuje-denver-broncos/,500
http://www.mouthhealthy.org/en/nutrition/super-bowl-recipes/?source=ADAsite&content=PublicProgramRotator,500
http://www.mralanc.com/category/video-game-giveaways/,404
http://www.mrveto.com/2016/02/07/video-muistatko-taman-nain-ratkesi-viime-vuoden-super-bowl/,500
http://www.msn.com/en-us/music/gallery/most-memorable-super-bowl-halftime-show-performances/ss-BBpbaNc?ocid=spartanntp,500
http://www.msn.com/en-us/sports/nba/resurgent-kobe-bryant-leads-lakers-past-pelicans-99-96/ar-BBp9v9v,500
http://www.msn.com/en-us/sports/nfl/broncos-fan-after-dropping-dollar21000-on-super-bowl-50-tickets-dont-tell-my-wife/ar-BBpcvTM?li=BBnb2gg,500
http://www.msn.com/fr-ca/cuisine-et-vins/actualites-alimentaires/30-recettes-d%C3%A9cadentes-pour-le-super-bowl/ss-BBp9c5x#image=1,500
http://www.musiccovervideos.com/r-bsoul/coldplay-hymn-for-the-weekend-cover-superbowl/,500
http://www.musiccovervideos.com/rock/super-bowl-babies-choir-feat-seal-music-video/,500
http://www.muthead.com/16/players/6923-ray-lewis,500
http://www.muthead.com/16/players/6925-terrell-davis,500
http://www.muthead.com/16/players/6926-mean-joe-greene,500
http://www.muthead.com/prices/xbox-one,500
http://www.harmony-project.org/news/superbowl,500
http://www.hashgurus.com/q.aspx?q=%23SuperBowl,500
http://www.heraldnews.com/article/20160206/SPORTS/160206909/0/breaking_ajax,500
http://www.herculture.org/blog/2016/1/24/challenging-the-male-gaze-of-super-bowl-commercials,500
http://www.heressomethingtoday.com/somethingtoday/2016/2/7/watch-something-1,500
http://www.heute.at/freizeit/musik/10-unvergessliche-Musik-Momente-beim-Super-Bowl;art31330,1254015,500
http://www.hln.be/plus/sport/andere-sporten/tien-spelers-om-in-de-gaten-te-houden-tijdens-super-bowl-50-a2608075/,500
http://www.hm-attorneys.com/blog/2016/2/7/manning-newton-the-super-bowl-and-the-legality-of-online-betting,500
http://www.hngn.com/articles/176748/20160205/super-bowl-snacks-food-networks-best-gameday-eats-ready-under.htmexe=reporter,500
http://www.honeyandlime.co/2016/01/game-day-recipes-22-super-bowl-food-ideas.html,500
http://www.industrynightinsider.com/products/52eighty-rooftop-lounge/,500
http://www.industrynightinsider.com/products/barista-bar/,500
http://www.industrynightinsider.com/products/carlucci-restaurant/,500
http://www.industrynightinsider.com/products/citizen-bar/,500
http://www.industrynightinsider.com/products/da-lobsta/,500
http://www.industrynightinsider.com/products/the-brixton/,500
http://www.daily-journal.com/life/food/colorado-beers-in-honor-of-the-big-game/article_81d76afa-cff3-5426-83a8-c833f19d0bcf.html,500
http://www.dailykos.com/story/2016/02/04/1479904/-Clinton-Last-Night:-Name-Anything-[Wall-Street-Has]-Influenced-Me-OnOK,-I-Will,500
http://www.dailykos.com/story/2016/2/4/1479904/-Clinton-Last-Night-Name-Anything-Wall-Street-Has-Influenced-Me-On-OK-I-Will,500
http://www.dailymotion.com/video/x3qmfki_flashmob-sisley-unss-euro-2016_sport,500
http://www.dailymotion.com/video/x3qn9dv_10-stars-qui-ont-enflamme-la-mi-temps-du-super-bowl_news,500
http://www.dailysquat.com/115-million-americans-expected-to-watch-tonights-superb-owl/,500
http://www.damnhole.com/post-209217743-horror-thriller-movies-that-would-excite-you.html,500
http://www.datpiff.com/Reem-Ali-Junkiez-mixtape.742191.html,500
http://www.datpiff.com/mafia-papu-welcome-To-The-Trap-House-mixtape.755121.html,500
http://www.dawgsbynature.com/2016/2/6/10927652/super-bowl-2016-prediction-denver-broncos-vs-carolina-panthers,500
http://www.dearsportsfan.com/2016/02/07/super-bowl-50-whats-the-plot-who-is-going-to-win/,500
http://www.deezer.com/track/66786210,500
http://www.delish.com/entertain,500
http://www.delogistica.com/super-bowl-la-operacion-logistica-mas-grande-del-deporte-estadounidense/,500
http://www.denverchannel.com/live,500
http://www.diabetesbienestarysalud.com/2016/01/12-recetas-de-botanas/,500
http://www.dieselsweeties.com/archive/3994,500
http://www.digitaldaron.com/e/episode-139-an-atliensatlanta-falcons-fan-guide-to-superbowl/,500
http://www.divertir.eu/forum/vos-divertissements/tv-cinema/w9-acquiert-les-droits-de-retransmission-du-super-bowl-jusqu-en-2018.html,500
http://www.djprincests.com/1/post/2016/02/beyonce-new-release-video-formation-world-premiere.html,500
http://www.djprincests.com/1/post/2016/02/who-do-you-think-will-win-todays-superbowl.html,500
http://www.docdroid.net/QYAhMOv/presentation1.pdf.html,500
http://www.domainesomm.com/blog/2015/12/8/event-recap-football-themed-event-for-a-financial-firm,500
http://www.cnn.com/video/data/2.0/video/politics/2016/02/05/msnbc-democratic-presidential-debate-origwx-bw.cnn.html,500
http://www.cbs58.com/clip/12193233/model-apprentice-craftsmen-compete-for-glory,500
http://www.cbssports.com/nfl/eye-on-football/25474929/super-bowl-50-predictions-panthers-or-broncos-here-are-our-picks,500
http://www.cbssports.com/nfl/eye-on-football/25475871/super-bowl-2016-broncos-fan-spent-21k-on-tickets-didnt-tell-his-wife,500
http://www.cbssports.com/nfl/eye-on-football/25475938/look-uh-oh-a-few-panthers-refuse-to-dab-for-super-bowl-2016-photo,500
http://www.nba.com/video/games/pistons/2016/02/05/0021500746-nyk-det-play8.nba/index.html,500
http://www.nbcnews.com/video/3-weeks-of-work-in-5-days-democratic-debate-prep-616476739806?cid=sm_tw_hardball,500
http://www.salon.com/2015/06/01/white_progressives_racial_myopia_why_their_colorblindness_fails_minorities_and_the_lefts,500
http://www.salon.com/2016/02/05/in_debate_hillary_clinton_boasted_that_she_is_supported_henry_kissinger_accus,500
http://www.saltyrunning.com/olympic-trials/,500
http://www.samsclubgirl.com/franks-red-hot/,500
http://www.samsclubgirl.com/organic-wild-chips/,500
http://www.sbnation.com/lookit/2016/2/6/10928434/the-panthers-took-a-team-photo-and-almost-everyone-dabbed,500
http://www.sportbuzzbusiness.fr/publicites-super-bowl-2016-integralite-67355.html,500
http://www.sporten.com/nyhet/derfor-er-superbowl-mye-mer-enn-et-oppgjor-mellom-carolina-panthers-og-denver-broncos,500
http://www.sportingnews.com/nfl-news/4694021-super-bowl-50-panthers-broncos-pick-against-the-spread-odds-betting-trends-gambling-las-vegas,500
http://www.sportingnews.com/nfl-news/4694090-super-bowl-50-preview-panthers-broncos-cam-newton-peyton-manning-thomas-davis-jared-allen,500
http://www.sportingnews.com/nfl-news/4694096-why-the-panthers-will-win-super-bowl-50-cam-newton-mvp-sb50,500
http://www.sportingnews.com/nfl-news/4694100-super-bowl-50-why-broncos-will-win-peyton-manning-cj-anderson-von-miller-panthers,500
http://www.sportismadeforbetting.com/2016/02/superbowl-50-preview.html,500
http://www.sportsbooks.net/super-bowl-50-preview-prediction/,500
http://www.sportschau.de/weitere/football/denver-broncos-super-bowl-100.html,500
http://www.sportsgambling4fun.com/blog/football/denver-broncos-vs-carolina-panthers-super-bowl-50/,500
http://www.sportsmarketing.fr/chiffres-super-bowl/,500
http://www.sporttechie.com/2016/02/07/4-technology-elements-of-super-bowl-50-that-could-steal-the-show/,500
http://www.spox.com/de/sport/ussport/nfl/1602/Artikel/super-bowl-broncos-panthers-head-to-head-prognose.html,500
http://www.spreaker.com/user/8111453/super-bowl-edition-the-dawg-house-clevel,500
http://www.spreaker.com/user/pumkin-face/ugs-ftrp-detroit-rock-city-39,500
http://www.thescore.com/news/928027,500
