Name,Result,Id
Kali,unknown,2986057444
Megan,female,2749697176
Alex,unknown,157437434
Henson,male,375938227
Jean,unknown,415153362
Matt,male,460842365
Nikki,unknown,4664999113
Courtney,unknown,293183998
Toni,unknown,1004748558
Dalton,male,4130688135
Rebecca,female,4064572889
Shelbie,female,941726670
Brandon,male,3922723959
Sam,unknown,286261482
Adler,unknown,286532398
Kai,unknown,382174209
Daniel,male,935921503
James,male,277619936
Chris,unknown,186256987
Jordan,unknown,3468910169
Bella,female,3382567216
Hagan,unknown,3103348295
Adam,male,608698584
Jordan,unknown,1601213750
Melissa,female,543971994
Edward,male,371016984
Dominick,male,1940891634
Kierra,female,1195075760
Austin,unknown,3218134257
Clay,male,392147910
Brandon,male,3169927840
Maddie,female,398500152
Emily,female,1230347280
Emily,female,605870270
Patrick,male,290046432
Cory,unknown,445057027
Jordan,unknown,1249962104
Ryley,unknown,166463560
Marvin,male,2292329033
Edwin,male,3041579651
Sarah,female,493283089
Samantha,female,2913340210
James,male,3026555397
Jaclyn,female,1537254949
Desmond,male,2238224492
Scott,male,242045593
Mitchell,male,533609877
Adam,male,1246758536
Kierra,female,940276040
Frat,unknown,97012079
Ryan,unknown,609103087
Jake,male,509181024
